{"cameraMode":{"drawMode":0,"name":"Shaded","section":"Shading Mode"},"sceneLighting":false,"audioPlay":false,"sceneViewState":{"m_AlwaysRefresh":false,"showFog":true,"showSkybox":false,"showFlares":true,"showImageEffects":true,"showParticleSystems":true,"showVisualEffectGraphs":true,"m_FxEnabled":true},"in2DMode":false,"pivot":{"x":0.14274871349334718,"y":0.6727447509765625,"z":-3.171555757522583},"rotation":{"x":0.11013993620872498,"y":0.6209238767623901,"z":-0.08870867639780045,"w":0.7709945440292358},"size":1.6583131551742554,"orthographic":true}