{"cameraMode":{"drawMode":0,"name":"Shaded","section":"Shading Mode"},"sceneLighting":true,"audioPlay":false,"sceneViewState":{"m_AlwaysRefresh":false,"showFog":true,"showSkybox":true,"showFlares":true,"showImageEffects":true,"showParticleSystems":true,"showVisualEffectGraphs":true,"m_FxEnabled":true},"in2DMode":false,"pivot":{"x":-2.9234564304351808,"y":1.1789050102233887,"z":-0.3413161039352417},"rotation":{"x":0.06778816133737564,"y":0.6754357218742371,"z":-0.06259237974882126,"w":0.7316076159477234},"size":2.5491297245025636,"orthographic":true}